symbol,address,decimals
JUP,JUPyiwrYJFskUPiHa7hkeR8VUtAeFoSYbKedZNsDvCN,6
PYTH,HZ1JovNiVvGrGNiiYvEozEVgZ58xaU3RKwX8eACQBCt3,6
USD Coin,EPjFWdd5AufqSSqeM2qN1xzybapC8G4wEGGkZwyTDt1v,6
JTO,jtojtomepa8beP8AuQc6eXt5FriJwfFMwQx2v2f9mCL,9
W,85VBFQZC9TZkfaptBWjvUw7YbZjy52A6mjtPGjstQAmQ,6
USDT,Es9vMFrzaCERmJfrF4H2FYD4KCoNkY11McCe8BenwNYB,6
Bonk,DezXAZ8z7PnrnRJjz3wXBoRgixCa6xjnB7YaB1pPB263,5
$WIF,EKpQGSJtjMFqKZ9KQanSqYXRcF8fBopzLHYxdM65zcjm,6
IO,BZLbGTNCSFfoth2GYDtwr7e4imWzpR5jqcUuGEwr646K,8
HNT,hntyVP6YFm1Hg25TN9WGLqM12b8TQmcknKrdu1oxWux,8
RAY,4k3Dyjzvzp8eMZWUXbBCjEvwSkkk59S5iCNLY3QrkX6R,6
mSOL,mSoLzYCxHdYgdzU16g5QSh3i5K3z3KZK7ytfqcJm7So,9
$CWIF,7atgF8KQo4wJrD5ATGX7t1V2zVvykPJbFfNeVf1icFv1,2
POPCAT,7GCihgDB8fe6KNjn2MYtkzZcRjQy3t9GHdC8uHYmW2hr,9
BOME,ukHH6c7mMyiWCf1b9pnWe25TSpkDDt3H5pQZgZ74J82,6
PYUSD,2b1kV6DkPAnxd5ixfnxCpjxmKwqjjaYmCZfHsFu24GXo,6
MEW,MEW1gQWJ3nEXg2qgERiKu7FAFj79PHvQVREQUzScPP5,5
NEON,NeonTjSjsuo3rexg9o6vHuMXw62f9V7zvmu8M8Zut44,9
TNSR,TNSRxcUxoT9xBG3de7PiJyTDYu7kskLqcpddxnEJAS6,9
DRIFT,DriFtupJYLTosbwoN8koMbEYSx54aFAVLddWsbksjwg7,6
SRM,SRMuApVNdxXokk5GT7XD5cUUgXMBCoAz2LHeuAoKWRt,6
OXY,z3dn17yLaGMKffVogeFHQ9zWVcXgqgf3PQnDsNs2g6M,6
FOXY,FoXyMu5xwXre7zEoSvzViRk3nGawHUp9kUh97y2NDhcq,0
GIGA,63LfDmNb3MQ8mw9MtZ2To9bEA2M71kZUUGq5tiJxcqj9,5
MPLX,METAewgxyPbgwsseH8T16a39CQ5VyVxZi9zXiDPY18m,6
GMT,7i5KKsX2weiTkry7jA4ZwSuXGhs5eJBEjY8vVxR4pfRx,9
ORCA,orcaEKTdK7LKz57vaAYr9QeNsVEPfiu6QeMU1kektZE,6
FIDA,EchesyfXePKdLtoiZSL8pBe8Myagyy8ZRqsACNCFGnvp,6
INF,5oVNBeEEQvYi1cX3ir8Dx5n1P7pdxydbGF2X4TxVusJm,9
ETH,2FPyTwcZLUg1MDrwsyoP4D6s1tM7hAkHYRjkNb5w6Pxk,6
ZEUS,ZEUS1aR7aX8DFFJf5QjWj2ftDDdNTroMNGo8YoQm3Gq,6
Borzoi,EzgfrTjgFyHGaU5BEBRETyfawt66bAYqJvcryWuJtQ5w,9
PRCL,4LLbsb5ReP3yEtYzmXewyGjcir5uXtKFURtaEUVC2AHs,6
NOS,nosXBVoaCTtYdLvKY6Csb4AC8JCdQKKAaWYtx2ZMoo7,6
DAOT,nQ1qgSpXWi71twnWPFjyfCtcbUXbVyQb64RfHKwRpKE,9
ACS,5MAYDfq5yxtudAhtfyuMBuHZjgAbaS9tbEyEQYAhDS5y,6
MAPS,MAPS41MDahZ9QdKXhVa4dWB9RuyfV4XqhyAZ8XcYepb,6
MOBILE,mb1eu7TzEc71KxDpsmsKoucSSuuoGLv1drys1oP2jh6,6
MUMU,5LafQUrVco6o7KMz42eqVEJ9LW31StPyGjeeu5sKoMtA,6
WUF,73xsLcBnLnc9bh81cqVKqj8uEyiarXng5ZwJuTbnVebG,4
MEDIA,ETAtLmCmsoiEEKfNrHKJ2kYy3MoABhU6NQvpSfij5tDs,6
WBTC,3NZ9JMVBmGAqocybic2c7LQCJScmgsAZ6vQqTDzcqmJh,8
PPT,Fb2DefbdjKFPfmTnq4xnuZ9xdtVyXGsEAetoFmGLZQcc,8
BEPE,GdHhyqHEJrPzpbfzURrJi8v1uJQRpthfzURqHJtHXyPC,9
SLND,SLNDpmoWTVADgEdndyvWzroNL7zSi1dF9PC3xHGtPwp,6
WETH,7vfCXTUXx5WJV5JADk17DUJ4ksgau7utNKj4b963voxs,8
LFNTY,LFNTYraetVioAPnGJht4yNg2aUZFXR776cMeN9VMjXp,6
TAI,Hax9LTgsQkze1YFychnBLtFH8gYbQKtKfWKKg2SP6gdD,9
MNDE,MNDEFzGvMt87ueuHvVU9VcTqsAP5b3fTGPsHuuPA5ey,9
ZBCN,ZBCNpuD7YMXzTHB2fhGkGi78MNsHGLRXUhRewNRm9RU,6
NYAN,NYANpAp9Cr7YarBNrby7Xx4xU6No6JKTBuohNA3yscP,9
SLERF,7BgBvyjrZX1YKz4oh9mjb8ZScatkkwb8DzFx7LoiVkM3,9
CROWN,GDfnEsia2WLAW5t8yx2X5j2mkfA74i5kwGdDuZHt7XmG,9
UXP,UXPhBoR3qG4UCiGNJfV7MqhHyFqKN68g45GoYvAeL2M,9
MONKE,5PRAVHPXrPJgM4uP1k9ZN2vnPe2epZRRJ8r6ETXTZs8r,2
MNGO,MangoCzJ36AjZyKwVj3VnYU4GTonjfVEnJmvvWaxLac,6
ELIX,5cbq1HriesW4zHpFEk9Gc8UT4ccmfHcBTDCa2XcBduTo,9
LST,LSTxxxnJzKDFSLr4dUkPcmCf5VyryEqzPLz5j4bpxFp,9
SHDW,SHDWyBxihqiCj6YekG2GUr7wqKLeLAMK1gHZck9pL6y,9
ATLAS,ATLASXmbPQxBUYbxPsV97usA3fPQYEqzQBUHgiFCUsXx,8
WEN,WENWENvqqNya429ubCdR81ZmD69brwQaaBYY6p3LCpk,5
ATPAY,8sF1JWbZVCUvb6TyHYbsu9CkM8Qm6jnFVe6PqtAsdzCU,9
WOLF,Faf89929Ni9fbg4gmVZTca7eW6NFg877Jqn6MizT3Gvw,8
JSOL,7Q2afV64in6N6SeZsAAB81TJzwDoD6zpqmHkzi9Dcavn,9
COLLE,AFDzaLz3cQZNWjnWbyq2q81TLVTPbHTbfkj8qKqTk74e,6
USDY,A1KLoBrKBde8Ty9qtNQUtq3C2ortoC3u7twggz7sEto6,6
EURC,HzwqbKZw8HxMN6bF2yFZNrht3c2iXXzpKcFu7uBEDKtr,6
bonkSOL,BonK1YhkXEGLZzwtcvRTip3gAL9nCeQD7ppZBLXhtTs,9
DADDY,4Cnk9EPnW5ixfLZatCPJjDB1PUtcRpVVgTQukm9epump,6
BILLY,3B5wuUrMEi5yATD7on46hKfej3pfmd7t1RKgrsN3pump,6
POLIS,poLisWXnNRwC6oBu1vHiuKQzFjGL4XDSu4g9qjz9qVk,8
vSOL,vSoLxydx6akxyMD9XEcPvGYNGq6Nn66oqVb3UkGkei7,9
hSOL,he1iusmfkpAdwvxLNGV8Y1iSbj4rUy6yMhEA3fotn9A,9
OTK,octo82drBEdm8CSDaEKBymVn86TBtgmPnDdmE64PTqJ,9
SAMO,7xKXtg2CW87d97TXJSDpbD5jBkheTqA83TZRuJosgAsU,9
STATE,2Ar2n5DJSiQuMhY4XeSzg7C5AGMezZPoLUt98VmmjsAR,3
edgeSOL,edge86g9cVz87xcpKpy3J77vbp4wYd9idEV562CCntt,9
MOTHER,3S8qX1MsMqRbiwKg2cQyx7nis1oHMgaCuc9c4VfvVdPN,6
PORT3,Bo5T8zkE6Xen9ZirEqoNqczuGcsopwNnxbBcW9HqCLGJ,6
BRZ,FtgGSFADXBtroxq8VCausXRr2of47QBf5AS1NtZCu4GD,4
IOT,iotEVVZLEywoTn1QdwNPddxPWszn3zFhEot3MfL9fns,6
SMOG,FS66v5XYtJAFo14LiPz5HT93EUMAHmYipCfQhLpU4ss8,6
PIP,HHjoYwUp5aU6pnrvN4s2pwEErwXNZKhxKGYjRJMoBjLw,9
BTC,9n4nbM75f5Ui33ZbPYXn59EwSgE8CGsHtAeTH5YFeJ9E,6
jucySOL,jucy5XJ76pHVvtPZb5TKRcGQExkwit2P5s4vY8UzmpC,9
TAKI,Taki7fi3Zicv7Du1xNAWLaf6mRK7ikdn77HeGzgwvo4,9
compassSOL,Comp4ssDzXcLeu2MnLuGNNFC4cmLPMng8qWHPvzAMU1h,9
BWB,6FVyLVhQsShWVUsCq2FJRr1MrECGShc3QxBwWtgiVFwK,8
laineSOL,LAinEtNLgpmCP9Rvsf5Hn8W6EhNiKLZQti1xfWMLy6X,9
LAIKA,Euoq6CyQFCjCVSLR9wFaUPDW19Y6ZHwEcJoZsEi643i1,6
HABIBI,864YJRb3JAVARC4FNuDtPKFxdEsYRbB39Nwxkzudxy46,6
SCS,SCSuPPNUSypLBsV4darsrYNg4ANPgaGhKhsA3GmMyjz,5
meow,BUhS5coXEt9hcxN3JSpGYUWSKbNo96RsKu52LcMo12rf,8
picoSOL,picobAEvs6w7QEknPce34wAE4gknZA9v5tTonnmHYdX,9
LINK,CWE8jPTUYhdCTZYWPTe1o5DFqfdjzWKc9WKz6rSjQUdG,6
DAI,EjmyN6qEC1Tf1JxiG1ae7UTJhUxSwk1TCWNWqxWV4J6o,8
UNI,8FU95xFJhUUkyyCLU13HSzDLs7oC4QZdXQHL6SCeab36,8
AAVE,3vAs4D1WE6Na4tCgt4BApgFfENbm8WY7q4cSPD1yM4Cg,8
CRO,DvjMYMVeXgKxaixGKpzQThLoG98nc7HSU7eanzsdCboA,8
GT,ABAq2R9gSpDDGguQxBk4u13s4ZYW6zbwKVBx15mCMG8,8
TRUMP,6p6xgHyF7AeE6TZkSmFsko444wqoP15icUSqi2jfGiPN,6
RENDER,rndrizKT3MK1iimdxRdWabcF7Zg7AR5T4nud4EkHBof,8
FDUSD,9zNQRsGLjNKwCUU5Gq5LR8beUCPzQMVMqKAi3SSZh54u,6
SPX,J3NKxxXZcnNiMjKw9hYb2K4LUxgwB6t1FtPtQVsv3KFr,8
FARTCOIN,9BB6NFEcjBCtnNLFko2FqVQBq8HHM13kCyYcdQbgpump,6
VIRTUAL,3iQL8BFS2vE7mww4ehAqQHAsbmRNCrPxizWAT2Zfyr9y,9
PENGU,2zMMhcVQEXDtdE6vsFS7S7D5oUodfJHE8vd1gnBouauv,6
PAXG,C6oFsE8nXRDThzrMEQ5SxaNFGKoyyfWDDVPw37JKvPTe,8
GRT,HGsLG4PnZ28L8A4R5nPqKgZd86zUUdmfnkTRnuFJ5dAX,8
ENS,CLQsDGoGibdNPnVCFp8BAsN2unvyvb41Jd5USYwAnzAg,8
LDO,HZRCwxP2Vq9PCpPXooayhJ2bxTpo5xfpQrwB1svh332p,8
GALA,eEUiUs4JWYZrp72djAGF1A8PhpR6rHphGeGN7GbVLp6,8
MANA,7dgHoN8wBZCc5wbnQ2C47TDnBMAxG4Q5L3KjP67z8kNi,8
DOG,dog1viwbb2vWDpER5FrJ4YFG6gq6XuyFohUe9TXN65u,5
COMP,AwEauVaTMQRB71WeDnwf1DWSBxaMKjEPuxyLr1uixFom,8
MOG,26VfKb7jjtdEdvfovoBijScoZmJbWWasFZkgfUD5w7cy,4
AXS,HysWcbHiYY9888pHbaqhwLYZQeZrcQMXKQWRqS7zcPK5,8
LUNC,F6v4wfAdJB8D8p77bMXZgYt8TDKsYxLYxH5AFhUkYx9W,6
ATH,Dm5BxyMetG3Aq5PaG1BrG7rBYqEMtnkjvPNMExfacVk7,9
TWT,HZNpqL7RT9gxf9eWoWsWzC5DfjzQ41XTQgEA7p3VzaaD,8
GRASS,Grass7B4RdKfBCjTKgSqnXkqjwiGvQyFbuSCUJr3XXjs,9
TURBO,2Dyzu65QA9zdX1UeE7Gx71k7fiwyUK6sZdrvJ7auq5wm,8
FTT,AGFEad2et2ZJif9jaGpdMixQqvW5i81aBdvKe7PHNfz3,6
1INCH,AjkPkq3nsyDe1yKcbyZT7N4aK4Evv9om9tzhQD3wsRC,8
PNUT,2qEHjDLDLbuBgRYvsxhc5D6uDWAivNFZGan56P1tpump,6
CVX,BLvmrccP4g1B6SpiVvmQrLUDya1nZ4B2D1nm9jzKF7sz,8
SNX,8cTNUtcV2ueC3royJ642uRnvTxorJAWLZc58gxAo7y56,8
BabyDoge,7dUKUopcNWW6CcU4eRxCHh1uiMh32zDrmGf6ufqhxann,1
BAT,EPeUFDgHRxs9xxEPVaL6kfGQvCon7jmAWKVUHuux1Tpz,8
ROSE,S3SQfD6RheMXQ3EEYn1Z5sJsbtwfXdt7tSAVXPQFtYo,8
FRAX,6LX8BhMQ4Sy2otmAWj7Y5sKd9YTVVUgfMsBzT6B9W7ct,8
YFI,BXZX2JRJFjvKazM1ibeDFxgAngKExb74MRXzXKvgikxX,8
JLP,27G8MtK7VtTcCHkpASjSDdkWWYfoqT6ggEuKidVJidD4,6
WHITE,ENWC66tsY6cyqSrd8a7S9ETc712xCcSAuGcRUwSMWhyo,8
WOULD,J1Wpmugrooj1yMyQKrdZ2vwRXG5rhfx3vTnYE39gpump,6
OHM,Afe9gSG8NcWicJtC58tUPGWG6pUcdK29d59BJuSAsePJ,8
USDG,2u1tszSeqZ3qBWF3uNGPFc8TzMk2tdiwknnRMWGWjGWH,6
FRAX,FR87nWEUxVgerFGhZM8Y4AggKGLnaXswr1Pd8wZ4kZcp,8
SAROS,SarosY6Vscao718M4A778z4CGtvcwcGef5M9MEH1LGL,6
BORG,3dQTr7ror2QPKQ3GbBCokJUmjErGg8kTJzdnYjNfvi3Z,9
USELESS,Dz9mQ9NzkBcCsuGPFJ3r1bS4wgqKMHBPiVuniW8Mbonk,6
GOMINING,3KzAE8dPyJRgZ36Eh81v7WPwi6dm7bDhdMb8EAus2RAf,9
AI16Z,HeLp6NuQkmYB4pYWo2zYs22mESHXPQYzXbB8n4V98jwC,9
MELANIA,FUAfBo2jgks6gB4Z4LfZkqSZgzNucisEHqnNebaRxM1P,6
NEIRO,FkmodwcM4YULTKLNMo7VHs4HLPvm8iBVLJHTj9YhMr9h,8
CHEX,6dKCoWjpj5MFU5gWDEFdpUUeBasBLK3wLEwhUzQPAa1e,8
MOODENG,ED5nyyWEzpPPiWimP8vYm7sD7TD3LAt3Q3gRTWHzPJBY,6
ANKR,Gq2norJ1kBemBp3mPfkgAUMhMMmnFmY4zEyi26tRcxFB,8
LAYER,LAYER4xPpTCb3QL8S9u41EAhAX7mhBn8Q6xMTwY2Yzc,9
LAUNCHCOIN,Ey59PH7Z4BFU4HjyKnyMdWt5GGN76KazTAwQihoUXRnk,9
AUSD,AUSD1jCcCyPLybk1YnvPWsHQSrZ46dxwoMniN4N2UEB9,6
ZIG,26f12PmBk77wQV1TzLe8XKkNBvMFggbuypxdtMLzNLzz,8
XYO,FCZKwHd9Qn1EQj8fFuNLB8dupAWCoJJNePbMqyHhS77b,8
GOHOME,2Wu1g2ft7qZHfTpfzP3wLdfPeV1is4EwQ3CXBfRYAciD,6
NPC,BeGY8KqKxboEwRbJd1q9H2K829jS4Rc5dEyNMYXCbV5p,8
WAVES,4XEjo9GZkKom3E26NQiidJLawwM9kbt76gUMDdGe1meQ,8
ALCH,HNg5PYJmtqcmzXrv6S9zP1CDKk5BgDuyFBxbvNApump,6
ME,MEFNBXixkEbait3xn9bkm8WsJzXtVsaJEn4c8Sam21u,6
LRC,HCTVFTzHL21a1dPzKxAUeWwqbE8QMUyvgChFDL4XYoi1,8
GOAT,CzLSujWBLFsSjncfkh59rUFqvafWcY5tzedWJSuypump,6
AURA,DtR4D9FtVoTX2569gaL837ZgrB6wNjj6tkmnX9Rdk9B2,6
PEOPLE,CobcsUrt3p91FwvULYKorQejgsm5HoQdv5T8RUZ6PnLA,8
CPOOL,AeXrLftu8chuY4ctc6oDeG4dUx6Yr4aqeakUMFNvACdg,9
BIO,bioJ9JTqW62MLz7UKHU69gtKhPpGi1BQhccj2kmSvUJ,9
POKT,6CAsXfiCXZfP8APCG6Vma2DFMindopxiqYQN4LSQfhoC,6
KEEP,64L6o4G2H7Ln1vN7AHZsUMW4pbFciHyuwn4wUdSbcFxh,8
YGG,EzZp7LRN1xwu3QsB2RJRrWwEGjJGsuWzuMCeQDB3NSPK,8
CGPT,CCDfDXZxzZtkZLuhY48gyKdXc5KywqpR8xEVHHh8ck1G,9
ORBS,7JnHPPJBBKSTJ7iEmsiGSBcPJgbcKw28uCRXtQgimncp,8
FLUX,FLUX1wa2GmbtSB6ZGi2pTNbVCw3zEeKnaPCkPtFXxqXe,8
AUDIO,9LzCMqDgTKYz9Drzqnpgee3SGa89up3a247ypMj2xrqM,8
SPELL,BCsFXYm81iqXyYmrLKgAp3AePcgLHnirb8FjTs6sjM7U,8
REKT,vQoYWru2pbUdcVkUrRH74ktQDJgVjRcDvsoDbUzM5n9,4
CARV,AFJtnuqGMaj5jAo6Pwxo28r1f7XAXXTSA8q3rG3q8b4A,6
DEGEN,A7n89LqW67HJKzJkdWZa2xojuK4N5GBKHz3dfjATCZPz,6
USTC,9vMJfxuKxXBoEa7rM12mYLMwTacLMLDJqHozw96WQL8i,6
BNT,EDVVEYW4fPJ6vKw5LZXRGUSPzxoHrv6eWvTqhCr8oShs,8
PONKE,5z3EqYQo9HiCEs3R84RCDMu2n7anpDMxRhdK8PSWmrRC,9
USDP,HVbpJAQGNpkgBaYBZQBR1t7yFdvaYVp2vCQQfKKEN4tM,6
ELON,7ZCm8WBN9aLa3o47SoYctU6iLdj7wkGG5SV2hE5CgtD5,4
BITCOIN,CTgiaZUK12kCcB8sosn4Nt2NZtzLgtPqDwyQyr2syATC,8
WCT,WCTk5xWdn5SYg56twGj32sUF3W4WFQ48ogezLBuYTBY,9
AGI,8bUbe1ujsM1G3JEbBWVVCXa2widmuPdKUB2rGKMYFw7R,8
HOME,J3umBWqhSjd13sag1E1aUojViWvPYA5dFNyqpKuX3WXj,9
BAN,9PR7nCP9DpcUotnDPVLUBUZKu5WAYkwrCUx9wDnSpump,6
HUMA,HUMA1821qVDKta3u2ovmfDQeW2fSQouSKE8fkF44wvGw,6
AGLD,7dnMwS2yE6NE1PX81B9Xpm7zUhFXmQABqUiHHzWXiEBn,8
BUSD,33fsBLA8djQm82RpHmE3SuVrPGtZBWNYExsEUeKX1HXX,8
CAT,3joMReCCSESngJEpFLoKR2dNcChjSRCDtybQet5uSpse,6
CYBER,5gzCDgVf5Nk6gosa5dpYZV6P6RiAytvCyQUaMwAVyf8z,9
CHILLGUY,Df6yfrKC8kZE3KNkrHERKzAetSxbrWeniQfyJY4Jpump,6
RIF,AAeENcfHbTExuTvs4q7r9Bjax98Dg6BGX3aMph4bTLdK,9
ANON,9McvH6w97oewLmPxqQEoHUAv3u5iYMyQ9AeZZhguYf1T,9
SLP,4hpngEp1v3CXpeKB81Gw4sv7YvwUVRKvY3SGag9ND8Q4,0
BB,76SYfdi8jT84GqxuTqu7FuyA4GQbrto1pLDGQKsy8K12,9
GEOD,7JA5eZdCzztSfQbJvS8aVVxMFfd81Rs9VvwnocV1mKHu,9
OSAK,NKaTB5vC3srLog8W7jzdjnejig2iH8eDpkDM31Dosak,4
RIO,HELn8rSM1rp8vAjNH4NYXzX6FvCbwWMGqLfaMgiBnZFV,11
WILD,FVvd3s9dZYzsgitkJyWbmycSc8MkYZjyF7oqAEvmSxTZ,9
BMT,FQgtfugBdpFN7PZ6NdPrZpVLDBrPGxXesi4gVu3vErhY,9
ALI,9wvorGtBJ8gyLorFTmwXWcymPoGVUBn6MRzHwFpCdCeC,8
OLAS,Ez3nzG9ofodYCvEmw73XhQ87LWNYVRM2s7diB5tBZPyM,8
SDEX,9dzSzFvPsKDoY2gdWErsuz2H1o4tbzvgBhrNZ9cvkD2j,8
MNSRY,1xdtu7y3LkkrVCAbm5KGKfYzq1qgKhxxk5AaJBqpump,6
C98,C98A4nkJXhpVZNAZdHUA95RpTF3T4whtQubL3YobiUX9,6
ROAM,RoamA1USA8xjvpTJZ6RvvxyDRzNh6GCA1zVGKSiMVkn,6
FWOG,A8C3xuqscfmyLrte3VmTqrAq8kgMASius9AFNANwpump,6
GRIFFAIN,KENJSUYLASHUMfHyy5o4Hp2FdNqZg1AsUPhfH2kYvEP,6
ACT,GJAFwWjJ3vnTsrQVabjBVK2TYB1YtRCQXRDfDgUnpump,6
DEP,BgwQjVNMWvt2d8CN51CsbniwRWyZ9H9HfHkEsvikeVuZ,6
SOON,4eDf52YYzL6i6gbZ6FXqrLUPXbtP61f1gPSFM66M4XHe,9
ALICE,9ARQsBfAn65q522cEqSJuse3cLhA31jgWDBGQHeiq7Mg,6
DBR,DBRiDgJAMsM95moTzJs7M9LnkGErpbv9v6CUR1DXnUu5,6
ICE,E9aPbhb5xRVGP2L6qJixfJC5qWAzECpUFUxnGx3wUiND,8
AVA,G8LfyGVsjsLzetJ5RWZVAhMo4H9cb58ET1Z6gEZJQdPM,8
SUGAR,5iVmFCCwJTuuw7p4FrxYoZ1bUNdjg14j7uv5hMsMpump,6
STRX,9HCRyuqrFDt1kUrwuUF7xjb2eqCgFmC5433MjqJ3STRX,9
LABUBU,JB2wezZLdzWfnaCfHxLg193RS3Rh51ThiXxEDWQDpump,6
ZEX,ZEXy1pqteRu3n13kdyh4LwPQknkFk3GzmMYMuNadWPo,6
DUSD,DUSDt4AeLZHWYmcXnVGYdgAzjtzU5mXUVnTMdnSzAttM,6
PYTHIA,CreiuhfwdWCN5mJbMJtA9bBpYQrQF2tCBuZwSPWfpump,6
ZEREBRO,8x5VqbHA8D7NkD52uNuS5nnt3PwA8pLD34ymskeSo2Wn,6
HOSICO,9wK8yN6iz1ie5kEJkvZCTxyN1x5sTdNfx8yeMY8Ebonk,6
VINE,6AJcP7wuLwmRYLBNbi825wgguaPsWzPBEHcHndpRpump,6
WOJAK,6bn6rKWbTRAQwizwqEfcmpAtoAMnqzfG7F8DYMK5reYn,8
ARC,61V8vBaqAGMpgDQi4JcAwo1dmBGHsyhzodcPqnEVpump,6
AVA,DKu9kykSfbN5LBfFXtNNDPaX35o4Fv6vJ9FKk7pZpump,6
JELLYJELLY,FeR8VBqNRSUD5NtXAj2n3j1dAHkZHfyDktKuLXD4pump,6
USDUC,CB9dDufT3ZuQXqqSfa1c5kY935TEreyBw9XJXxHKpump,6
MASHA,mae8vJGf8Wju8Ron1oDTQVaTGGBpcpWDwoRQJALMMf2,6
REZ,3DK98MXPz8TRuim7rfQnebSLpA7VSoc79Bgiee1m4Zw5,9
KOKOK,5HkhVG2bSb5PGjhX5QHm9urUquD7tx5eAau5Fonq78zc,9
DAO,85aM5XJhdDeUw4MbGKM56zmWnsRyh76zUVut97uPjiCg,8
MCDULL,Buoj8HCZMnLRwzDmjzaswhkVhLZD58PG4pZ7rnYp6pCr,3
ETHDYDX,4Hx6Bj56eGyw8EJrrheM6LBQAvVYRikYCWsALeTrwyRU,8
GST,AFbX8oGjGpmVFywbVouvhQSRmiW2aR1mohfahi4Y2AdB,9
UFD,eL5fUxj2J4CiQsmW85k5FG9DvuQjjUoBHoQBi2Kpump,6
FARTBOY,y1AZt42vceCmStjW4zetK3VoNarC1VxJ5iDjpiupump,9
DEGO,BU4eP1vCR99amXKsMXhctX8YpqUa7wbULQ26XaQbazkS,8
BERT,HgBRWfYxEfvPhtqkaeymCQtHCrKE46qQ43pKe8HCpump,6
A47,CN162nCPpq3DxPCyKLbAvEJeB1aCxsnVTEG4ZU8vpump,6
J,Jambjx1oJoZNBZiqbiF9TqgatEZPdyfvYa9WVsKNzUh,9
YETI,FuyeX8cpctBwQVDFYgKxYh1JgiXCkK9g4RBVCXm4pump,6
DOOD,DvjbEsdca43oQcw2h3HW1CT7N3x5vRcr3QrvTUHnXvgV,9
HOUSE,DitHyRMQiSDhn5cnKMJV2CDDt6sVct96YrECiM49pump,6
$PURPE,HBoNJ5v8g71s2boRivrHnfSB5MVPLDHHyVjruPfhGkvL,1
KENDU,2nnrviYJRLcf2bXAxpKTRXzccoDbwaP4vzuGUG75Jo45,8
SIGMA,5SVG3T9CNQsm2kEwzbRq6hASqh1oGfjqTtLXYUibpump,6
ZUSD,FrBfWJ4qE5sCzKm3k3JaAtqZcXUh4LvJygDeketsrsH4,6
VERSE,vRseBFqTy9QLmmo5qGiwo74AVpdqqMTnxPqWoWMpump,6
GHX,Cy52Ts2GwSzdkhCihB5i1Vu6sApzgqktNNFyHbsdgwm7,8
SWARMS,74SBV4zDXxTRgv1pEMoECskKBkZHc2yGPnc7GYVepump,6
RETARDIO,6ogzHhzdrQr9Pgv6hZ2MNze7UrzBMAFyBBWUYp1Fhitx,6
AGIALPHA,tWKHzXd5PRmxTF5cMfJkm2Ua3TcjwNNoSRUqx6Apump,6
YAFA,YAFAJvjUv9MVAKcTE7Y8ouo45QNKVK6fCMzdxt2tjPs,6
PORTAL,FMQjDvT1GztVxdvYgMBEde4L54fftFGx9m5GmbqeJGM5,9
TROLL,5UUH9RTDiSpq6HKS6bp4NdU9PNJpXRXuiw6ShBTBhgH2,6
LUNA,9se6kma7LeGcQWyRBNcYzyxZPE3r9t9qWZ8SnjnN3jJ7,8
MYRO,HhJpBhRRn4g56VsyLuT8DL5Bv31HkXqsrahTTUCZeZg4,9
EURCV,DghpMkatCiUsofbTmid3M3kAbDTPqDwKiYHnudXeGG52,2
NEURAL,BNC5eVJZixJFykygncDuUK5TpRBsWZuT6eSA99YNh2cZ,9
DJI6930,DQnkBM4eYYMnVE8Qy2K3BB7uts1fh2EwBVktEz6jpump,6
KIBSHI,BxBkTCHsrcYChcwB459CAGPX9x4fWSVnmzqh5efgUN1R,8
ATR,ATRLuHph8dxnPny4WSNW7fxkhbeivBrtWbY6BfB4xpLj,9
PIPPIN,Dfh5DzRgSvvCFDoYc2ciTkMrbDfRKybA4SoFbPmApump,6
PUMP,pumpCmXqMfrsAkQ5r49WcJnRayYRqmXz6ae8H7H9Dfn,6
RBNT,2GBVt2ENvbHepuJMWYTPkkfpWUabAhsaXToYw8UphxS3,9
KDT,CEY7Xa21gE8fh3ksS43STCftHHJNnSE2seF1Vscdsmth,6
BLOCK,NFTUkR4u7wKxy9QLaX2TGvd9oZSWoMo4jqSJqdMb7Nk,6
ALEPH,3UCMiSnkcnkPE1pgQ5ggPCBv6dXgVUy16TmMUe1WpG9x,8
DIMO,ERQXNXuWfpaGMh9Cs19zxcQTtzCVNZerdKXJ7BQKXVhd,18
YU,YUYAiJo8KVbnc6Fb6h3MnH2VGND4uGWDH4iLnw7DLEu,6
ES,BqPqrrQuoQXFGGEAEMnPmDgZ6RWQCajWnY3V6Yp4DZWP,6
STARTUP,97PVGU2DzFqsAWaYU17ZBqGvQFmkqtdMywYBNPAfy8vy,9
CAKE,4qQeZ5LwSz6HuupUu8jCtgXyW1mYQcNbFAW1sWZp89HL,9
LION,7kN5FQMD8ja4bzysEgc5FXmryKd6gCgjiWnhksjHCFb3,9
GP,31k88G5Mq7ptbRDf3AM13HAq6wRQHXHikR8hik7wPygk,9
AIXBT,14zP2ToQ79XWvc7FQpm4bRnp9d6Mp1rFfsUW3gpLcRX,8
MORI,8ZHE4ow1a2jjxuoMfyExuNamQNALv5ekZhsBn5nMDf5e,9
AITECH,FUW4poh6s7uychceF8u1mo7NS65vzjX5vmS7Yi7GYQnz,9
ASP,DJ7vji2BU7RjNgktPAKN4L42CiXTFHEt4Eeeyr5FiTmy,9
GUN,3jUf2RTyXp867piSB2dt8uUcNiLDW58asjGtXkRAkBbe,9
MOBY,Cy1GS2FqefgaMbi45UunrUzin1rfEmTUYnomddzBpump,6
PUPS,2oGLxYuNBJRcepT1mEV6KnETaLD7Bf6qq3CM6skasBfe,9
APU,26s3UGB9hund1qspApy1zYgCritxAooGg7o63BMn89Yq,8
FRXUSD,GzX1ireZDU865FiMaKrdVB1H6AE8LAqWYCg6chrMrfBw,9
NUB,GtDZKAqvMZMnti46ZewMiXCa4oXF4bZxwQPoKzXPFxZn,9
CUDIS,CudisfkgWvMKnZ3TWf6iCuHm8pN2ikXhDcWytwz6f6RN,9
K,ERpDpYmuifJUKbaB1Dv9hnJ67RM21Jujmxz18JCeDzbr,9
MDT,8Wqbst4qAN2FqBCCh5gdXq2WJ7vTNWEY4oNLrpUg7Tya,8
USD1,USD1ttGY1N17NEEHLmELoaybftRBUSErhqYiQzvEmuB,6
YZY,DrZ26cKJDksVRWib3DVVsjo9eeXccc7hKhDJviiYEEZY,6
NOBODY,C29ebrgYjYoJPMGPnPSGY1q3mMGk4iDSqnQeQQA7moon,9
MIM,M1M6sdffCs3ozzhpRveweRCWdZhxth4mvVujPtYEC3h,2
URANUS,BFgdzMkTPdKKJeTipv2njtDEwhKxkgFueJQfJGt1jups,6
CAW,CAW777xcHVTQZ4CRwVQGB8CV1BVKPm5bNVxFJHWFKiH8,2
LIGHT,LiGHtkg3uTa9836RaNkKLLriqTNRcMdRAhqjGWNv777,9
WLFI,WLFinEv6ypjkczcS83FZqFpgFZYwQXutRbxGe7oC16g,6
SONIC,SonicxvLud67EceaEzCLRnMTBqzYUUYNr93DBkBdDES,9